"DESCRIPTION","DURATION IN MS","NAME","PARENT SUITE","START TIME","STATUS","STOP TIME","SUB SUITE","SUITE","TEST CLASS","TEST METHOD"
"","16","Should return 400 for unsupported file format","","2026-06-01","passed","2026-06-01","","Profile Controller Tests","com.luxus.tinterest.controller.ProfileControllerTests","testUploadAvatarUnsupportedFormat"
"","47","Should perform basic CRUD operations on User repository","","2026-06-01","passed","2026-06-01","","com.luxus.tinterest.integration.UserRepositoryIntegrationTests","com.luxus.tinterest.integration.UserRepositoryIntegrationTests","shouldPerformCrudOperations"
"","9","Should successfully unblock user who is already blocked","","2026-06-01","passed","2026-06-01","","Admin Controller Tests","com.luxus.tinterest.controller.AdminControllerTests","testUnblockBlockedUser"
"","16","Should successfully retrieve chat by id","","2026-06-01","passed","2026-06-01","","Chat Controller Tests","com.luxus.tinterest.controller.ChatControllerTests","testGetChatSuccess"
"","71","Should return 401 when uploading avatar without authentication","","2026-06-01","passed","2026-06-01","","Profile Controller Tests","com.luxus.tinterest.controller.ProfileControllerTests","testUploadAvatarWithoutAuthentication"
"","3","Should not send email when mail delivery is disabled","","2026-06-01","passed","2026-06-01","","EmailService Unit Tests","com.luxus.tinterest.service.EmailServiceTests","testSendCodeDoesNotSendWhenDisabled"
"","108","Should verify code and delete verification record","","2026-06-01","passed","2026-06-01","","EmailVerificationService Unit Tests","com.luxus.tinterest.service.EmailVerificationServiceTests","testVerifyCodeSuccess"
"","14","Should retrieve users filtered by email","","2026-06-01","passed","2026-06-01","","Admin Controller Tests","com.luxus.tinterest.controller.AdminControllerTests","testGetUsersByEmail"
"","2","Should login authenticated user","","2026-06-01","passed","2026-06-01","","UserService Unit Tests","com.luxus.tinterest.service.UserServiceTests","testLoginReturnsUser"
"","14","Should verify interest response structure","","2026-06-01","passed","2026-06-01","","Interest Controller Tests","com.luxus.tinterest.controller.InterestControllerTests","testInterestResponseStructure"
"","12","Should return 403 when user does not have access to chat","","2026-06-01","passed","2026-06-01","","Chat Controller Tests","com.luxus.tinterest.controller.ChatControllerTests","testGetChatAccessDenied"
"","10","Should return 401 when refresh token is invalid","","2026-06-01","passed","2026-06-01","","Login Controller Tests","com.luxus.tinterest.controller.LoginControllerTests","testRefreshWithInvalidToken"
"","17","Should successfully upload avatar","","2026-06-01","passed","2026-06-01","","Profile Controller Tests","com.luxus.tinterest.controller.ProfileControllerTests","testUploadAvatarSuccess"
"","1","unsavedInterestsCompareByNameIgnoringCase()","","2026-06-01","passed","2026-06-01","","com.luxus.tinterest.entity.InterestTests","com.luxus.tinterest.entity.InterestTests","unsavedInterestsCompareByNameIgnoringCase"
"","26","Should successfully retrieve all interests","","2026-06-01","passed","2026-06-01","","Interest Controller Tests","com.luxus.tinterest.controller.InterestControllerTests","testGetAllInterests"
"","17","Should return 400 when firstName is missing","","2026-06-01","passed","2026-06-01","","Registration Controller Tests","com.luxus.tinterest.controller.RegistrationControllerTests","testRegistrationWithoutFirstName"
"","22","Should return 400 when name is missing in basic update","","2026-06-01","passed","2026-06-01","","Profile Controller Tests","com.luxus.tinterest.controller.ProfileControllerTests","testUpdateBasicProfileWithoutName"
"","27","Should return 404 when unblocking non-existent user","","2026-06-01","passed","2026-06-01","","Admin Controller Tests","com.luxus.tinterest.controller.AdminControllerTests","testUnblockUserNotFound"
"","3","Should handle both genders with equal distribution","","2026-06-01","passed","2026-06-01","","Edge Cases and Boundary Tests","com.luxus.tinterest.service.AdminStatisticsServiceTest$EdgeCaseTests","shouldHandleEqualGenderDistribution"
"","18","Should return empty list when user has no chats","","2026-06-01","passed","2026-06-01","","Chat Controller Tests","com.luxus.tinterest.controller.ChatControllerTests","testGetChatsEmpty"
"","350","Should return not found for missing profile","","2026-06-01","passed","2026-06-01","","com.luxus.tinterest.integration.AuthSecurityIntegrationTests","com.luxus.tinterest.integration.AuthSecurityIntegrationTests","shouldReturnNotFoundForMissingProfile"
"","18","Should successfully retrieve recommendation for user","","2026-06-01","passed","2026-06-01","","Recommendation Controller Tests","com.luxus.tinterest.controller.RecommendationControllerTests","testGetRecommendation"
"","7","Should throw when complete profile contains unknown interests","","2026-06-01","passed","2026-06-01","","ProfileService Unit Tests","com.luxus.tinterest.service.ProfileServiceTests","testCompleteProfileThrowsWhenUnknownInterests"
"","476","Should return filtered recommendations and set empty flag","","2026-06-01","passed","2026-06-01","","RecommendationService Unit Tests","com.luxus.tinterest.service.RecommendationServiceTests","testGetRecommendationsWithFiltersReturnsEmpty"
"","14","Should return 400 for invalid chat operation","","2026-06-01","passed","2026-06-01","","Chat Controller Tests","com.luxus.tinterest.controller.ChatControllerTests","testCreateDirectChatInvalidOperation"
"","3","Should handle negative counts from repository","","2026-06-01","passed","2026-06-01","","Negative Test Cases","com.luxus.tinterest.service.AdminStatisticsServiceTest$NegativeTests","shouldHandleNegativeCounts"
"","17","Should return 400 when password is missing","","2026-06-01","passed","2026-06-01","","Registration Controller Tests","com.luxus.tinterest.controller.RegistrationControllerTests","testRegistrationWithoutPassword"
"","14","Should return 401 when updating work profile without authentication","","2026-06-01","passed","2026-06-01","","Profile Controller Tests","com.luxus.tinterest.controller.ProfileControllerTests","testUpdateWorkProfileWithoutAuthentication"
"","25","Should successfully send message","","2026-06-01","passed","2026-06-01","","Chat Controller Tests","com.luxus.tinterest.controller.ChatControllerTests","testSendMessageSuccess"
"","2","Should throw access denied when chat member is missing","","2026-06-01","passed","2026-06-01","","ChatService Unit Tests","com.luxus.tinterest.service.ChatServiceTests","testGetChatThrowsWhenNotMember"
"","17","Should return 400 when email is already verified on resend","","2026-06-01","passed","2026-06-01","","Email Verification Controller Tests","com.luxus.tinterest.controller.EmailVerificationControllerTests","testEmailResendAlreadyVerified"
"","152","Should throw for unsupported avatar content type","","2026-06-01","passed","2026-06-01","","MinioStorageService Unit Tests","com.luxus.tinterest.service.MinioStorageServiceTests","testUploadAvatarThrowsInvalidContentType"
"","64","Should return 401 when accessing admin statistics without authorization","","2026-06-01","passed","2026-06-01","","Admin Controller Tests","com.luxus.tinterest.controller.AdminControllerTests","testAddInterestWithoutAuthorization"
"","16","Should successfully retrieve user profile by id","","2026-06-01","passed","2026-06-01","","Profile Controller Tests","com.luxus.tinterest.controller.ProfileControllerTests","testGetUserProfileSuccess"
"","1","Sanity check - service should be injectable","","2026-06-01","passed","2026-06-01","","AdminStatisticsService Tests","com.luxus.tinterest.service.AdminStatisticsServiceTest","sanityCheck"
"","3","Should throw when user is blocked","","2026-06-01","passed","2026-06-01","","UserService Unit Tests","com.luxus.tinterest.service.UserServiceTests","testLoginThrowsWhenUserBlocked"
"","9","Should return 401 when unblocking user without authorization","","2026-06-01","passed","2026-06-01","","Admin Controller Tests","com.luxus.tinterest.controller.AdminControllerTests","testUnblockUserWithoutAuthorization"
"","13","Should return 404 when user not found","","2026-06-01","passed","2026-06-01","","Email Verification Controller Tests","com.luxus.tinterest.controller.EmailVerificationControllerTests","testEmailVerifyUserNotFound"
"","15","Should return 401 when completing profile without authentication","","2026-06-01","passed","2026-06-01","","Profile Controller Tests","com.luxus.tinterest.controller.ProfileControllerTests","testCompleteProfileWithoutAuthentication"
"","3","Should throw ClassCastException when top interests contains wrong data type","","2026-06-01","passed","2026-06-01","","Negative Test Cases","com.luxus.tinterest.service.AdminStatisticsServiceTest$NegativeTests","shouldThrowExceptionWhenTopInterestsContainsWrongDataType"
"","12","Should return 404 when chat not found","","2026-06-01","passed","2026-06-01","","Chat Controller Tests","com.luxus.tinterest.controller.ChatControllerTests","testGetChatNotFound"
"","10","Should return 401 when accessing admin statistics without authorization","","2026-06-01","passed","2026-06-01","","Admin Controller Tests","com.luxus.tinterest.controller.AdminControllerTests","testGetStatisticsWithoutAuthorization"
"","15","Should build recommendations and return ordered user cards","","2026-06-01","passed","2026-06-01","","RecommendationService Unit Tests","com.luxus.tinterest.service.RecommendationServiceTests","testGetRecommendationsBuildsCache"
"","14","Should return 401 when credentials are invalid","","2026-06-01","passed","2026-06-01","","Login Controller Tests","com.luxus.tinterest.controller.LoginControllerTests","testLoginWithInvalidCredentials"
"","10","Should return 401 when accessing admin statistics without authorization","","2026-06-01","passed","2026-06-01","","Admin Controller Tests","com.luxus.tinterest.controller.AdminControllerTests","testDeleteInterestWithoutAuthorization"
"","22","Should return empty page when no messages in chat","","2026-06-01","passed","2026-06-01","","Chat Controller Tests","com.luxus.tinterest.controller.ChatControllerTests","testGetChatMessagesEmpty"
"","25","Should successfully update work profile","","2026-06-01","passed","2026-06-01","","Profile Controller Tests","com.luxus.tinterest.controller.ProfileControllerTests","testUpdateWorkProfileSuccess"
"","3","Should throw when user is already registered","","2026-06-01","passed","2026-06-01","","AuthService Unit Tests","com.luxus.tinterest.service.AuthServiceTests","testRegisterThrowsWhenUserAlreadyRegistered"
"","3","Should throw exception when findTopInterests fails","","2026-06-01","passed","2026-06-01","","Negative Test Cases","com.luxus.tinterest.service.AdminStatisticsServiceTest$NegativeTests","shouldThrowExceptionWhenFindTopInterestsFails"
"","4","Should create match and chat when swipe is mutual like","","2026-06-01","passed","2026-06-01","","RecommendationService Unit Tests","com.luxus.tinterest.service.RecommendationServiceTests","testSwipeCreatesMatchWhenMutualLike"
"","14","Should successfully retrieve chat messages","","2026-06-01","passed","2026-06-01","","Chat Controller Tests","com.luxus.tinterest.controller.ChatControllerTests","testGetChatMessagesSuccess"
"","3","Should maintain order of top cities from repository","","2026-06-01","passed","2026-06-01","","Positive Test Cases","com.luxus.tinterest.service.AdminStatisticsServiceTest$PositiveTests","shouldMaintainTopCitiesOrder"
"","3","Should handle empty strings in city and interest names","","2026-06-01","passed","2026-06-01","","Edge Cases and Boundary Tests","com.luxus.tinterest.service.AdminStatisticsServiceTest$EdgeCaseTests","shouldHandleEmptyStrings"
"","12","Should successfully delete interest","","2026-06-01","passed","2026-06-01","","Admin Controller Tests","com.luxus.tinterest.controller.AdminControllerTests","testDeleteInterest"
"","33","Should return 429 when too many verification attempts","","2026-06-01","passed","2026-06-01","","Email Verification Controller Tests","com.luxus.tinterest.controller.EmailVerificationControllerTests","testEmailVerifyTooManyAttempts"
"","27","Should successfully update communication profile","","2026-06-01","passed","2026-06-01","","Profile Controller Tests","com.luxus.tinterest.controller.ProfileControllerTests","testUpdateCommunicationProfileSuccess"
"","8","Should throw ClassCastException when top cities contains wrong data type","","2026-06-01","passed","2026-06-01","","Negative Test Cases","com.luxus.tinterest.service.AdminStatisticsServiceTest$NegativeTests","shouldThrowExceptionWhenTopCitiesContainsWrongDataType"
"","10","Should return 401 when updating communication profile without authentication","","2026-06-01","passed","2026-06-01","","Profile Controller Tests","com.luxus.tinterest.controller.ProfileControllerTests","testUpdateCommunicationProfileWithoutAuthentication"
"","716","Should login verified user and return JWT access token","","2026-06-01","passed","2026-06-01","","com.luxus.tinterest.integration.AuthSecurityIntegrationTests","com.luxus.tinterest.integration.AuthSecurityIntegrationTests","shouldLoginVerifiedUser"
"","12","Should return 400 when email is missing on resend","","2026-06-01","passed","2026-06-01","","Email Verification Controller Tests","com.luxus.tinterest.controller.EmailVerificationControllerTests","testEmailResendWithoutEmail"
"","3","Should throw exception when matchRepository.count() fails","","2026-06-01","passed","2026-06-01","","Negative Test Cases","com.luxus.tinterest.service.AdminStatisticsServiceTest$NegativeTests","shouldThrowExceptionWhenMatchCountFails"
"","13","Should return 401 when updating interests without authentication","","2026-06-01","passed","2026-06-01","","Profile Controller Tests","com.luxus.tinterest.controller.ProfileControllerTests","testUpdateInterestsWithoutAuthentication"
"","3","Should register user and send verification email","","2026-06-01","passed","2026-06-01","","AuthService Unit Tests","com.luxus.tinterest.service.AuthServiceTests","testRegisterSendsVerificationEmail"
"","28","Should return 400 when profession is missing","","2026-06-01","passed","2026-06-01","","Profile Controller Tests","com.luxus.tinterest.controller.ProfileControllerTests","testUpdateWorkProfileWithoutProfession"
"","4","Should rotate refresh token successfully","","2026-06-01","passed","2026-06-01","","RefreshTokenService Unit Tests","com.luxus.tinterest.service.RefreshTokenServiceTests","testRotateCreatesNewToken"
"","2","createGroupChatDoesNotCountCurrentUserAsInvitedMember()","","2026-06-01","passed","2026-06-01","","ChatService Unit Tests","com.luxus.tinterest.service.ChatServiceTests","createGroupChatDoesNotCountCurrentUserAsInvitedMember"
"","171","Should register a user with valid payload","","2026-06-01","passed","2026-06-01","","com.luxus.tinterest.integration.AuthSecurityIntegrationTests","com.luxus.tinterest.integration.AuthSecurityIntegrationTests","shouldRegisterUser"
"","9","Should return 401 when retrieving current profile without authentication","","2026-06-01","passed","2026-06-01","","Profile Controller Tests","com.luxus.tinterest.controller.ProfileControllerTests","testGetMyProfileWithoutAuthentication"
"","14","Should return 401 when updating basic profile without authentication","","2026-06-01","passed","2026-06-01","","Profile Controller Tests","com.luxus.tinterest.controller.ProfileControllerTests","testUpdateBasicProfileWithoutAuthentication"
"","14","Should return 400 when lastName is missing","","2026-06-01","passed","2026-06-01","","Registration Controller Tests","com.luxus.tinterest.controller.RegistrationControllerTests","testRegistrationWithoutLastName"
"","8","Should return 401 when blocking user without authorization","","2026-06-01","passed","2026-06-01","","Admin Controller Tests","com.luxus.tinterest.controller.AdminControllerTests","testBlockUserWithoutAuthorization"
"","1","Should return interest responses ordered by name","","2026-06-01","passed","2026-06-01","","InterestService Unit Tests","com.luxus.tinterest.service.InterestServiceTests","testGetInterestsReturnsResponses"
"","20","Should return 404 when user profile not found by id","","2026-06-01","passed","2026-06-01","","Profile Controller Tests","com.luxus.tinterest.controller.ProfileControllerTests","testGetUserProfileNotFound"
"","11","Should allow email resend without authentication","","2026-06-01","passed","2026-06-01","","Email Verification Controller Tests","com.luxus.tinterest.controller.EmailVerificationControllerTests","testEmailResendWithoutAuthentication"
"","3","Should handle maximum limits for top cities and interests","","2026-06-01","passed","2026-06-01","","Positive Test Cases","com.luxus.tinterest.service.AdminStatisticsServiceTest$PositiveTests","shouldHandleMaximumLimits"
"","3","Should throw when verification record is missing","","2026-06-01","passed","2026-06-01","","EmailVerificationService Unit Tests","com.luxus.tinterest.service.EmailVerificationServiceTests","testVerifyCodeThrowsWhenNoVerificationFound"
"","35","Should successfully complete profile","","2026-06-01","passed","2026-06-01","","Profile Controller Tests","com.luxus.tinterest.controller.ProfileControllerTests","testCompleteProfileSuccess"
"","5","Should throw when profile user is missing","","2026-06-01","passed","2026-06-01","","ProfileService Unit Tests","com.luxus.tinterest.service.ProfileServiceTests","testGetProfileThrowsWhenUserMissing"
"","29","Should return 400 when city is missing","","2026-06-01","passed","2026-06-01","","Profile Controller Tests","com.luxus.tinterest.controller.ProfileControllerTests","testCompleteProfileWithoutName"
"","15","Should allow email verification without authentication","","2026-06-01","passed","2026-06-01","","Email Verification Controller Tests","com.luxus.tinterest.controller.EmailVerificationControllerTests","testEmailVerificationWithoutAuthentication"
"","2","Should throw when resend code for missing user","","2026-06-01","passed","2026-06-01","","EmailVerificationService Unit Tests","com.luxus.tinterest.service.EmailVerificationServiceTests","testResendCodeThrowsWhenUserMissing"
"","15","Should successfully retrieve admin statistics","","2026-06-01","passed","2026-06-01","","Admin Controller Tests","com.luxus.tinterest.controller.AdminControllerTests","testGetStatistics"
"","4","Should mark chat as read and return summary","","2026-06-01","passed","2026-06-01","","ChatService Unit Tests","com.luxus.tinterest.service.ChatServiceTests","testMarkAsReadUpdatesLastReadAt"
"","15","Should return 403 when no access to send message","","2026-06-01","passed","2026-06-01","","Chat Controller Tests","com.luxus.tinterest.controller.ChatControllerTests","testSendMessageAccessDenied"
"","10","Should return 401 when refresh token is missing","","2026-06-01","passed","2026-06-01","","Login Controller Tests","com.luxus.tinterest.controller.LoginControllerTests","testRefreshWithoutToken"
"","13","Should return 404 when user not found","","2026-06-01","passed","2026-06-01","","Chat Controller Tests","com.luxus.tinterest.controller.ChatControllerTests","testGetChatsUserNotFound"
"","11","Should return 401 when retrieving chat messages without authentication","","2026-06-01","passed","2026-06-01","","Chat Controller Tests","com.luxus.tinterest.controller.ChatControllerTests","testGetChatMessagesWithoutAuthentication"
"","22","Should successfully retrieve user's chats","","2026-06-01","passed","2026-06-01","","Chat Controller Tests","com.luxus.tinterest.controller.ChatControllerTests","testGetChatsSuccess"
"","13","Should successfully refresh token with valid refresh token","","2026-06-01","passed","2026-06-01","","Login Controller Tests","com.luxus.tinterest.controller.LoginControllerTests","testSuccessfulRefresh"
"","3","Should throw when verification code expired","","2026-06-01","passed","2026-06-01","","EmailVerificationService Unit Tests","com.luxus.tinterest.service.EmailVerificationServiceTests","testVerifyCodeThrowsWhenExpired"
"","3","Should revoke refresh token on logout","","2026-06-01","passed","2026-06-01","","AuthService Unit Tests","com.luxus.tinterest.service.AuthServiceTests","testLogoutRevokesRefreshToken"
"","9","Should return 401 when retrieving filtered recommendations without authentication","","2026-06-01","passed","2026-06-01","","Recommendation Controller Tests","com.luxus.tinterest.controller.RecommendationControllerTests","testGetFilteredRecommendationsWithoutAuthentication"
"","11","Should return 404 when deleting non-existent interest","","2026-06-01","passed","2026-06-01","","Admin Controller Tests","com.luxus.tinterest.controller.AdminControllerTests","testDeleteNonExistentInterest"
"","1","savedInterestsCompareById()","","2026-06-01","passed","2026-06-01","","com.luxus.tinterest.entity.InterestTests","com.luxus.tinterest.entity.InterestTests","savedInterestsCompareById"
"","10","Should successfully logout and clear refresh token","","2026-06-01","passed","2026-06-01","","Login Controller Tests","com.luxus.tinterest.controller.LoginControllerTests","testSuccessfulLogout"
"","13","Should return 400 when password is missing","","2026-06-01","passed","2026-06-01","","Login Controller Tests","com.luxus.tinterest.controller.LoginControllerTests","testLoginWithoutPassword"
"","17","Should return 400 when verification code is expired","","2026-06-01","passed","2026-06-01","","Email Verification Controller Tests","com.luxus.tinterest.controller.EmailVerificationControllerTests","testEmailVerifyWithExpiredCode"
"","21","Should retrieve empty page when no users match filter","","2026-06-01","passed","2026-06-01","","Admin Controller Tests","com.luxus.tinterest.controller.AdminControllerTests","testGetUsersByEmailNoResults"
"","2","Should throw when email is not verified","","2026-06-01","passed","2026-06-01","","UserService Unit Tests","com.luxus.tinterest.service.UserServiceTests","testLoginThrowsWhenEmailNotVerified"
"","3","Should throw invalid credentials on login failure","","2026-06-01","passed","2026-06-01","","AuthService Unit Tests","com.luxus.tinterest.service.AuthServiceTests","testLoginThrowsInvalidCredentials"
"","3","Should throw refresh token expired","","2026-06-01","passed","2026-06-01","","RefreshTokenService Unit Tests","com.luxus.tinterest.service.RefreshTokenServiceTests","testRotateThrowsWhenExpired"
"","1","Should throw invalid credentials when email is missing","","2026-06-01","passed","2026-06-01","","UserService Unit Tests","com.luxus.tinterest.service.UserServiceTests","testLoginThrowsWhenUserMissing"
"","12","Should return 401 when retrieving chat by id without authentication","","2026-06-01","passed","2026-06-01","","Chat Controller Tests","com.luxus.tinterest.controller.ChatControllerTests","testGetChatWithoutAuthentication"
"","12","Should return 404 when user not found on resend","","2026-06-01","passed","2026-06-01","","Email Verification Controller Tests","com.luxus.tinterest.controller.EmailVerificationControllerTests","testEmailResendUserNotFound"
"","17","Should return 400 when password is too short","","2026-06-01","passed","2026-06-01","","Registration Controller Tests","com.luxus.tinterest.controller.RegistrationControllerTests","testRegistrationWithShortPassword"
"","12","Should return 400 when attempting invalid admin operation","","2026-06-01","passed","2026-06-01","","Admin Controller Tests","com.luxus.tinterest.controller.AdminControllerTests","testBlockUserForbidden"
"","2","Should handle empty statistics gracefully","","2026-06-01","passed","2026-06-01","","Positive Test Cases","com.luxus.tinterest.service.AdminStatisticsServiceTest$PositiveTests","shouldHandleEmptyStatistics"
"","27","Should wrap Minio exceptions into StorageOperationException","","2026-06-01","passed","2026-06-01","","MinioStorageService Unit Tests","com.luxus.tinterest.service.MinioStorageServiceTests","testUploadAvatarThrowsStorageOperationException"
"","4","Should upload avatar and return public url","","2026-06-01","passed","2026-06-01","","MinioStorageService Unit Tests","com.luxus.tinterest.service.MinioStorageServiceTests","testUploadAvatarReturnsUrl"
"","21","Should return 429 when too many resend attempts","","2026-06-01","passed","2026-06-01","","Email Verification Controller Tests","com.luxus.tinterest.controller.EmailVerificationControllerTests","testEmailResendTooManyAttempts"
"","15","Should return 409 when interest already exists","","2026-06-01","passed","2026-06-01","","Admin Controller Tests","com.luxus.tinterest.controller.AdminControllerTests","testAddInterestAlreadyExists"
"","17","Should return 409 when user with email already exists","","2026-06-01","passed","2026-06-01","","Registration Controller Tests","com.luxus.tinterest.controller.RegistrationControllerTests","testRegistrationWithExistingEmail"
"","22","Should return 400 for invalid pagination parameters","","2026-06-01","passed","2026-06-01","","Recommendation Controller Tests","com.luxus.tinterest.controller.RecommendationControllerTests","testGetFilteredRecommendationsInvalidPage"
"","10","Should successfully block user","","2026-06-01","passed","2026-06-01","","Admin Controller Tests","com.luxus.tinterest.controller.AdminControllerTests","testBlockUserSuccess"
"","2","Should throw invalid refresh token when token is missing","","2026-06-01","passed","2026-06-01","","RefreshTokenService Unit Tests","com.luxus.tinterest.service.RefreshTokenServiceTests","testRotateThrowsWhenTokenMissing"
"","16","Should return 400 when email format is invalid","","2026-06-01","passed","2026-06-01","","Registration Controller Tests","com.luxus.tinterest.controller.RegistrationControllerTests","testRegistrationWithInvalidEmail"
"","76","Should not register a user with invalid input","","2026-06-01","passed","2026-06-01","","com.luxus.tinterest.integration.AuthSecurityIntegrationTests","com.luxus.tinterest.integration.AuthSecurityIntegrationTests","shouldReturnBadRequestForInvalidRegistration"
"","27","Should generate and validate access token","","2026-06-01","passed","2026-06-01","","JwtService Unit Tests","com.luxus.tinterest.service.JwtServiceTests","testGenerateAndValidateAccessToken"
"","3","Should throw when email already verified","","2026-06-01","passed","2026-06-01","","EmailVerificationService Unit Tests","com.luxus.tinterest.service.EmailVerificationServiceTests","testVerifyCodeThrowsWhenAlreadyVerified"
"","13","Should return 400 when email is already verified","","2026-06-01","passed","2026-06-01","","Email Verification Controller Tests","com.luxus.tinterest.controller.EmailVerificationControllerTests","testEmailVerifyAlreadyVerified"
"","5","Should get profile by user id","","2026-06-01","passed","2026-06-01","","ProfileService Unit Tests","com.luxus.tinterest.service.ProfileServiceTests","testGetProfileReturnsResponse"
"","698","Should execute custom query methods for User repository","","2026-06-01","passed","2026-06-01","","com.luxus.tinterest.integration.UserRepositoryIntegrationTests","com.luxus.tinterest.integration.UserRepositoryIntegrationTests","shouldExecuteCustomQueryMethods"
"","9","Should return 204 even when logout without refresh token","","2026-06-01","passed","2026-06-01","","Login Controller Tests","com.luxus.tinterest.controller.LoginControllerTests","testLogoutWithoutToken"
"","4","Should throw exception when userRepository.count() fails","","2026-06-01","passed","2026-06-01","","Negative Test Cases","com.luxus.tinterest.service.AdminStatisticsServiceTest$NegativeTests","shouldThrowExceptionWhenUserCountFails"
"","3","Should throw when token is invalid","","2026-06-01","passed","2026-06-01","","JwtService Unit Tests","com.luxus.tinterest.service.JwtServiceTests","testValidateThrowsForInvalidToken"
"","16","Should return 404 when chat not found for message send","","2026-06-01","passed","2026-06-01","","Chat Controller Tests","com.luxus.tinterest.controller.ChatControllerTests","testSendMessageChatNotFound"
"","12","Should return 403 when no access to chat messages","","2026-06-01","passed","2026-06-01","","Chat Controller Tests","com.luxus.tinterest.controller.ChatControllerTests","testGetChatMessagesAccessDenied"
"","273","Should upload avatar and save returned url","","2026-06-01","passed","2026-06-01","","ProfileService Unit Tests","com.luxus.tinterest.service.ProfileServiceTests","testUploadAvatarUsesMinioStorage"
"","29","Should return 400 when group name is missing","","2026-06-01","passed","2026-06-01","","Chat Controller Tests","com.luxus.tinterest.controller.ChatControllerTests","testCreateGroupChatWithoutName"
"","34","Should successfully update basic profile","","2026-06-01","passed","2026-06-01","","Profile Controller Tests","com.luxus.tinterest.controller.ProfileControllerTests","testUpdateBasicProfileSuccess"
"","11","Should return 401 when creating group chat without authentication","","2026-06-01","passed","2026-06-01","","Chat Controller Tests","com.luxus.tinterest.controller.ChatControllerTests","testCreateGroupChatWithoutAuthentication"
"","14","Should return 404 when blocking non-existent user","","2026-06-01","passed","2026-06-01","","Admin Controller Tests","com.luxus.tinterest.controller.AdminControllerTests","testBlockUserNotFound"
"","22","Should return 400 when interests list is empty","","2026-06-01","passed","2026-06-01","","Profile Controller Tests","com.luxus.tinterest.controller.ProfileControllerTests","testUpdateInterestsEmpty"
"","17","Should return 400 when targetUserId is missing","","2026-06-01","passed","2026-06-01","","Recommendation Controller Tests","com.luxus.tinterest.controller.RecommendationControllerTests","testSwipeWithoutTargetUserId"
"","10","Should return 401 when marking chat as read without authentication","","2026-06-01","passed","2026-06-01","","Chat Controller Tests","com.luxus.tinterest.controller.ChatControllerTests","testMarkChatReadWithoutAuthentication"
"","1","createGroupChatRejectsSingleInvitedMember()","","2026-06-01","passed","2026-06-01","","ChatService Unit Tests","com.luxus.tinterest.service.ChatServiceTests","createGroupChatRejectsSingleInvitedMember"
"","16","Should return 400 when email is missing","","2026-06-01","passed","2026-06-01","","Registration Controller Tests","com.luxus.tinterest.controller.RegistrationControllerTests","testRegistrationWithoutEmail"
"","22","Should return unauthorized for protected endpoint without JWT","","2026-06-01","passed","2026-06-01","","com.luxus.tinterest.integration.AuthSecurityIntegrationTests","com.luxus.tinterest.integration.AuthSecurityIntegrationTests","shouldReturnUnauthorizedWithoutToken"
"","17","Should successfully register new user","","2026-06-01","passed","2026-06-01","","Registration Controller Tests","com.luxus.tinterest.controller.RegistrationControllerTests","testSuccessfulRegistration"
"","51","Should return 400 for invalid profile data","","2026-06-01","passed","2026-06-01","","Profile Controller Tests","com.luxus.tinterest.controller.ProfileControllerTests","testCompleteProfileInvalidData"
"","5","Should be read-only transaction","","2026-06-01","passed","2026-06-01","","Transaction and Concurrency Tests","com.luxus.tinterest.service.AdminStatisticsServiceTest$TransactionTests","shouldBeReadOnlyTransaction"
"","16","Should return 400 when recipientId is missing","","2026-06-01","passed","2026-06-01","","Chat Controller Tests","com.luxus.tinterest.controller.ChatControllerTests","testCreateDirectChatWithoutRecipient"
"","9","Should handle duplicate city names in results","","2026-06-01","passed","2026-06-01","","Edge Cases and Boundary Tests","com.luxus.tinterest.service.AdminStatisticsServiceTest$EdgeCaseTests","shouldHandleDuplicateCityNames"
"","2","Should throw when resend code for already verified user","","2026-06-01","passed","2026-06-01","","EmailVerificationService Unit Tests","com.luxus.tinterest.service.EmailVerificationServiceTests","testResendCodeThrowsWhenAlreadyVerified"
"","2","Should find user by id","","2026-06-01","passed","2026-06-01","","UserService Unit Tests","com.luxus.tinterest.service.UserServiceTests","testFindByIdReturnsUser"
"","3","Should throw when sending blank chat message","","2026-06-01","passed","2026-06-01","","ChatService Unit Tests","com.luxus.tinterest.service.ChatServiceTests","testSendMessageThrowsWhenContentBlank"
"","17","Should successfully upload avatar with png format","","2026-06-01","passed","2026-06-01","","Profile Controller Tests","com.luxus.tinterest.controller.ProfileControllerTests","testUploadAvatarPngSuccess"
"","3","Should throw invalid refresh token on refresh failure","","2026-06-01","passed","2026-06-01","","AuthService Unit Tests","com.luxus.tinterest.service.AuthServiceTests","testRefreshThrowsInvalidRefreshToken"
"","4","Should login user and return access and refresh tokens","","2026-06-01","passed","2026-06-01","","AuthService Unit Tests","com.luxus.tinterest.service.AuthServiceTests","testLoginReturnsTokens"
"","12","Should successfully resend verification code","","2026-06-01","passed","2026-06-01","","Email Verification Controller Tests","com.luxus.tinterest.controller.EmailVerificationControllerTests","testSuccessfulEmailResend"
"","12","Should successfully verify email with valid code","","2026-06-01","passed","2026-06-01","","Email Verification Controller Tests","com.luxus.tinterest.controller.EmailVerificationControllerTests","testSuccessfulEmailVerification"
"","3","Should throw exception when findTopCities fails","","2026-06-01","passed","2026-06-01","","Negative Test Cases","com.luxus.tinterest.service.AdminStatisticsServiceTest$NegativeTests","shouldThrowExceptionWhenFindTopCitiesFails"
"","9","Should return 401 when retrieving chats without authentication","","2026-06-01","passed","2026-06-01","","Chat Controller Tests","com.luxus.tinterest.controller.ChatControllerTests","testGetChatsWithoutAuthentication"
"","3","Should register a new user and generate verification code","","2026-06-01","passed","2026-06-01","","UserService Unit Tests","com.luxus.tinterest.service.UserServiceTests","testRegisterGeneratesVerificationCode"
"","132","Should send email message when mail delivery is enabled","","2026-06-01","passed","2026-06-01","","EmailService Unit Tests","com.luxus.tinterest.service.EmailServiceTests","testSendCodeSendsEmailWhenEnabled"
"","19","Should retrieve user profile by id without authentication","","2026-06-01","passed","2026-06-01","","Profile Controller Tests","com.luxus.tinterest.controller.ProfileControllerTests","testGetUserProfileWithoutAuthentication"
"","6","Should resend verification code when the user exists and is not verified","","2026-06-01","passed","2026-06-01","","EmailVerificationService Unit Tests","com.luxus.tinterest.service.EmailVerificationServiceTests","testResendCodeReturnsCode"
"","7","Should handle single gender distribution","","2026-06-01","passed","2026-06-01","","Positive Test Cases","com.luxus.tinterest.service.AdminStatisticsServiceTest$PositiveTests","shouldHandleSingleGenderDistribution"
"","3","Should throw exception when countByCreatedAtAfter fails","","2026-06-01","passed","2026-06-01","","Negative Test Cases","com.luxus.tinterest.service.AdminStatisticsServiceTest$NegativeTests","shouldThrowExceptionWhenCountByCreatedAtAfterFails"
"","10","Should successfully unblock user","","2026-06-01","passed","2026-06-01","","Admin Controller Tests","com.luxus.tinterest.controller.AdminControllerTests","testUnblockUserSuccess"
"","3","Should throw ArrayIndexOutOfBoundsException when repository returns incomplete arrays","","2026-06-01","passed","2026-06-01","","Negative Test Cases","com.luxus.tinterest.service.AdminStatisticsServiceTest$NegativeTests","shouldThrowExceptionWhenArrayIsIncomplete"
"","14","Should return 404 when user not found for filtered recommendations","","2026-06-01","passed","2026-06-01","","Recommendation Controller Tests","com.luxus.tinterest.controller.RecommendationControllerTests","testGetFilteredRecommendationsUserNotFound"
"","12","Should return 404 when chat not found for messages","","2026-06-01","passed","2026-06-01","","Chat Controller Tests","com.luxus.tinterest.controller.ChatControllerTests","testGetChatMessagesNotFound"
"","3","Should throw exception when repository returns null for Object array","","2026-06-01","passed","2026-06-01","","Negative Test Cases","com.luxus.tinterest.service.AdminStatisticsServiceTest$NegativeTests","shouldThrowExceptionWhenRepositoryReturnsNullArray"
"","3","Should handle all registration dynamics being zero","","2026-06-01","passed","2026-06-01","","Edge Cases and Boundary Tests","com.luxus.tinterest.service.AdminStatisticsServiceTest$EdgeCaseTests","shouldHandleZeroRegistrationDynamics"
"","9","Should return 401 when accessing admin user list without authorization","","2026-06-01","passed","2026-06-01","","Admin Controller Tests","com.luxus.tinterest.controller.AdminControllerTests","testGetUsersWithoutAuthorization"
"","12","Should return 401 when retrieving recommendation without authentication","","2026-06-01","passed","2026-06-01","","Recommendation Controller Tests","com.luxus.tinterest.controller.RecommendationControllerTests","testGetRecommendationWithoutAuthentication"
"","2","Should return complete statistics with all data","","2026-06-01","passed","2026-06-01","","Positive Test Cases","com.luxus.tinterest.service.AdminStatisticsServiceTest$PositiveTests","shouldReturnCompleteStatistics"
"","9","Should return 401 when swiping without authentication","","2026-06-01","passed","2026-06-01","","Recommendation Controller Tests","com.luxus.tinterest.controller.RecommendationControllerTests","testSwipeWithoutAuthentication"
"","20","Should successfully retrieve current user's profile","","2026-06-01","passed","2026-06-01","","Profile Controller Tests","com.luxus.tinterest.controller.ProfileControllerTests","testGetMyProfileSuccess"
"","16","Should return 413 when file size exceeds limit","","2026-06-01","passed","2026-06-01","","Profile Controller Tests","com.luxus.tinterest.controller.ProfileControllerTests","testUploadAvatarFileSizeExceeded"
"","74","Should allow registration without authentication","","2026-06-01","passed","2026-06-01","","Registration Controller Tests","com.luxus.tinterest.controller.RegistrationControllerTests","testRegistrationWithoutAuthentication"
"","13","Should allow login without prior authentication","","2026-06-01","passed","2026-06-01","","Login Controller Tests","com.luxus.tinterest.controller.LoginControllerTests","testLoginWithoutAuthentication"
"","2","Should handle very large numbers","","2026-06-01","passed","2026-06-01","","Edge Cases and Boundary Tests","com.luxus.tinterest.service.AdminStatisticsServiceTest$EdgeCaseTests","shouldHandleVeryLargeNumbers"
"","3","Should refresh tokens using rotated refresh token","","2026-06-01","passed","2026-06-01","","AuthService Unit Tests","com.luxus.tinterest.service.AuthServiceTests","testRefreshReturnsNewTokens"
"","18","Should return 400 when message content is missing","","2026-06-01","passed","2026-06-01","","Chat Controller Tests","com.luxus.tinterest.controller.ChatControllerTests","testSendMessageWithoutContent"
"","14","Should successfully login with valid credentials","","2026-06-01","passed","2026-06-01","","Login Controller Tests","com.luxus.tinterest.controller.LoginControllerTests","testSuccessfulLogin"
"","97","Should throw invalid credentials when password does not match","","2026-06-01","passed","2026-06-01","","UserService Unit Tests","com.luxus.tinterest.service.UserServiceTests","testLoginThrowsWhenPasswordMismatch"
"","12","Should return 403 when no access to mark chat as read","","2026-06-01","passed","2026-06-01","","Chat Controller Tests","com.luxus.tinterest.controller.ChatControllerTests","testMarkChatReadAccessDenied"
"","17","Should return 401 when sending message without authentication","","2026-06-01","passed","2026-06-01","","Chat Controller Tests","com.luxus.tinterest.controller.ChatControllerTests","testSendMessageWithoutAuthentication"
"","19","Should return 400 when member list is empty","","2026-06-01","passed","2026-06-01","","Chat Controller Tests","com.luxus.tinterest.controller.ChatControllerTests","testCreateGroupChatNoMembers"
"","17","Should retrieve all users with pagination","","2026-06-01","passed","2026-06-01","","Admin Controller Tests","com.luxus.tinterest.controller.AdminControllerTests","testGetAllUsers"
"","28","Should successfully record like swipe","","2026-06-01","passed","2026-06-01","","Recommendation Controller Tests","com.luxus.tinterest.controller.RecommendationControllerTests","testSwipeLike"
"","17","Should successfully retrieve filtered recommendations","","2026-06-01","passed","2026-06-01","","Recommendation Controller Tests","com.luxus.tinterest.controller.RecommendationControllerTests","testGetFilteredRecommendations"
"","4","Should resend email code and send it by emailService","","2026-06-01","passed","2026-06-01","","AuthService Unit Tests","com.luxus.tinterest.service.AuthServiceTests","testResendEmailCode"
"","18","Should return 404 when target user not found","","2026-06-01","passed","2026-06-01","","Recommendation Controller Tests","com.luxus.tinterest.controller.RecommendationControllerTests","testSwipeTargetUserNotFound"
"","3","Should throw refresh token reused and revoke family","","2026-06-01","passed","2026-06-01","","RefreshTokenService Unit Tests","com.luxus.tinterest.service.RefreshTokenServiceTests","testRotateThrowsWhenTokenReused"
"","18","Should successfully create direct chat","","2026-06-01","passed","2026-06-01","","Chat Controller Tests","com.luxus.tinterest.controller.ChatControllerTests","testCreateDirectChatSuccess"
"","11","Should return 400 when attempting invalid admin operation on unblock","","2026-06-01","passed","2026-06-01","","Admin Controller Tests","com.luxus.tinterest.controller.AdminControllerTests","testUnblockUserForbidden"
"","13","Should successfully record dislike swipe","","2026-06-01","passed","2026-06-01","","Recommendation Controller Tests","com.luxus.tinterest.controller.RecommendationControllerTests","testSwipeDislike"
"","1","Should throw InterestAlreadyExistsException when interest name already exists","","2026-06-01","passed","2026-06-01","","InterestService Unit Tests","com.luxus.tinterest.service.InterestServiceTests","testAddInterestThrowsInterestAlreadyExistsException"
"","17","Should return 400 when reaction is missing","","2026-06-01","passed","2026-06-01","","Recommendation Controller Tests","com.luxus.tinterest.controller.RecommendationControllerTests","testSwipeWithoutReactionType"
"","15","Should return 404 when recipient user not found","","2026-06-01","passed","2026-06-01","","Chat Controller Tests","com.luxus.tinterest.controller.ChatControllerTests","testCreateDirectChatRecipientNotFound"
"","3","Should throw invalid refresh token on logout failure","","2026-06-01","passed","2026-06-01","","AuthService Unit Tests","com.luxus.tinterest.service.AuthServiceTests","testLogoutThrowsInvalidRefreshToken"
"","4","Should generate and save verification code for new user","","2026-06-01","passed","2026-06-01","","EmailVerificationService Unit Tests","com.luxus.tinterest.service.EmailVerificationServiceTests","testGenerateAndSaveCreatesVerification"
"","24","Should return 400 when message content is empty","","2026-06-01","passed","2026-06-01","","Chat Controller Tests","com.luxus.tinterest.controller.ChatControllerTests","testSendMessageEmptyContent"
"","1","Should add new interest and return response","","2026-06-01","passed","2026-06-01","","InterestService Unit Tests","com.luxus.tinterest.service.InterestServiceTests","testAddInterestReturnsResponse"
"","5","Should return liked swipe result when no match is created","","2026-06-01","passed","2026-06-01","","RecommendationService Unit Tests","com.luxus.tinterest.service.RecommendationServiceTests","testSwipeReturnsLikedWhenNoMutualMatch"
"","3","Should correctly calculate time periods for registration dynamics","","2026-06-01","passed","2026-06-01","","Positive Test Cases","com.luxus.tinterest.service.AdminStatisticsServiceTest$PositiveTests","shouldCorrectlyCalculateTimePeriods"
"","12","Should return 400 when email is missing","","2026-06-01","passed","2026-06-01","","Login Controller Tests","com.luxus.tinterest.controller.LoginControllerTests","testLoginWithoutEmail"
"","1","unsavedInterestsWithDifferentNamesStayDistinct()","","2026-06-01","passed","2026-06-01","","com.luxus.tinterest.entity.InterestTests","com.luxus.tinterest.entity.InterestTests","unsavedInterestsWithDifferentNamesStayDistinct"
"","3","Should propagate invalid verification code exception","","2026-06-01","passed","2026-06-01","","AuthService Unit Tests","com.luxus.tinterest.service.AuthServiceTests","testVerifyEmailCodeThrowsWhenInvalid"
"","3","Should handle multiple concurrent calls correctly","","2026-06-01","passed","2026-06-01","","Transaction and Concurrency Tests","com.luxus.tinterest.service.AdminStatisticsServiceTest$TransactionTests","shouldHandleConcurrentCalls"
"","3","Should throw exception when countUsersByGender fails","","2026-06-01","passed","2026-06-01","","Negative Test Cases","com.luxus.tinterest.service.AdminStatisticsServiceTest$NegativeTests","shouldThrowExceptionWhenCountUsersByGenderFails"
"","3","Should handle gender distribution with null gender as UNKNOWN","","2026-06-01","passed","2026-06-01","","Positive Test Cases","com.luxus.tinterest.service.AdminStatisticsServiceTest$PositiveTests","shouldHandleNullGenderAsUnknown"
"","13","Should return empty list when no interests exist","","2026-06-01","passed","2026-06-01","","Interest Controller Tests","com.luxus.tinterest.controller.InterestControllerTests","testGetAllInterestsEmpty"
"","2","Should throw when email already registered","","2026-06-01","passed","2026-06-01","","UserService Unit Tests","com.luxus.tinterest.service.UserServiceTests","testRegisterThrowsWhenAlreadyRegistered"
"","15","Should return 404 when user profile not found","","2026-06-01","passed","2026-06-01","","Profile Controller Tests","com.luxus.tinterest.controller.ProfileControllerTests","testGetMyProfileNotFound"
"","3","Should throw when verification code is invalid","","2026-06-01","passed","2026-06-01","","EmailVerificationService Unit Tests","com.luxus.tinterest.service.EmailVerificationServiceTests","testVerifyCodeThrowsWhenInvalidCode"
"","15","Should retrieve recommendation with default limit","","2026-06-01","passed","2026-06-01","","Recommendation Controller Tests","com.luxus.tinterest.controller.RecommendationControllerTests","testGetRecommendationDefaultLimit"
"","383","Should return forbidden when authenticated user has wrong role","","2026-06-01","passed","2026-06-01","","com.luxus.tinterest.integration.AuthSecurityIntegrationTests","com.luxus.tinterest.integration.AuthSecurityIntegrationTests","shouldReturnForbiddenForWrongRole"
"","12","Should return 400 when verification code is missing","","2026-06-01","passed","2026-06-01","","Email Verification Controller Tests","com.luxus.tinterest.controller.EmailVerificationControllerTests","testEmailVerifyWithoutCode"
"","3","Should revoke refresh token family","","2026-06-01","passed","2026-06-01","","RefreshTokenService Unit Tests","com.luxus.tinterest.service.RefreshTokenServiceTests","testRevokeRevokesFamily"
"","2","Should throw NullPointerException when gender distribution contains invalid data","","2026-06-01","passed","2026-06-01","","Negative Test Cases","com.luxus.tinterest.service.AdminStatisticsServiceTest$NegativeTests","shouldThrowExceptionWhenGenderDistributionContainsInvalidData"
"","3","Should throw when verification attempts exceeded","","2026-06-01","passed","2026-06-01","","EmailVerificationService Unit Tests","com.luxus.tinterest.service.EmailVerificationServiceTests","testVerifyCodeThrowsWhenTooManyAttempts"
"","21","Should successfully create group chat","","2026-06-01","passed","2026-06-01","","Chat Controller Tests","com.luxus.tinterest.controller.ChatControllerTests","testCreateGroupChatSuccess"
"","14","Should successfully add new interest","","2026-06-01","passed","2026-06-01","","Admin Controller Tests","com.luxus.tinterest.controller.AdminControllerTests","testAddInterest"
"","64","Should throw refresh token revoked","","2026-06-01","passed","2026-06-01","","RefreshTokenService Unit Tests","com.luxus.tinterest.service.RefreshTokenServiceTests","testRotateThrowsWhenRevoked"
"","13","Should return 404 when chat not found for marking as read","","2026-06-01","passed","2026-06-01","","Chat Controller Tests","com.luxus.tinterest.controller.ChatControllerTests","testMarkChatReadNotFound"
"","89","Should return 401 when retrieving interests without authorization","","2026-06-01","passed","2026-06-01","","Interest Controller Tests","com.luxus.tinterest.controller.InterestControllerTests","testGetAllInterestsWithoutAuthorization"
"","15","Should successfully mark chat as read","","2026-06-01","passed","2026-06-01","","Chat Controller Tests","com.luxus.tinterest.controller.ChatControllerTests","testMarkChatReadSuccess"
"","10","Should return 404 when user not found","","2026-06-01","passed","2026-06-01","","Recommendation Controller Tests","com.luxus.tinterest.controller.RecommendationControllerTests","testGetRecommendationUserNotFound"
"","12","Should return 400 when email is missing","","2026-06-01","passed","2026-06-01","","Email Verification Controller Tests","com.luxus.tinterest.controller.EmailVerificationControllerTests","testEmailVerifyWithoutEmail"
"","5","Should throw when resendCode fails","","2026-06-01","passed","2026-06-01","","AuthService Unit Tests","com.luxus.tinterest.service.AuthServiceTests","testResendEmailCodeThrowsWhenImpossible"
"","233","Should throw when creating direct chat with yourself","","2026-06-01","passed","2026-06-01","","ChatService Unit Tests","com.luxus.tinterest.service.ChatServiceTests","testCreateOrGetDirectChatThrowsOnSelfChat"
"","2","Should throw invalid refresh token when revoke fails","","2026-06-01","passed","2026-06-01","","RefreshTokenService Unit Tests","com.luxus.tinterest.service.RefreshTokenServiceTests","testRevokeThrowsWhenTokenMissing"
"","1","Should delete interest by id","","2026-06-01","passed","2026-06-01","","InterestService Unit Tests","com.luxus.tinterest.service.InterestServiceTests","testDeleteInterest"
"","14","Should return 400 when verification code is invalid","","2026-06-01","passed","2026-06-01","","Email Verification Controller Tests","com.luxus.tinterest.controller.EmailVerificationControllerTests","testEmailVerifyWithInvalidCode"
"","12","Should return 401 when creating direct chat without authentication","","2026-06-01","passed","2026-06-01","","Chat Controller Tests","com.luxus.tinterest.controller.ChatControllerTests","testCreateDirectChatWithoutAuthentication"
"","23","Should return empty result when no recommendations match filter","","2026-06-01","passed","2026-06-01","","Recommendation Controller Tests","com.luxus.tinterest.controller.RecommendationControllerTests","testGetFilteredRecommendationsEmpty"
"","3","Should generate and save a new refresh token","","2026-06-01","passed","2026-06-01","","RefreshTokenService Unit Tests","com.luxus.tinterest.service.RefreshTokenServiceTests","testGenerateAndSaveReturnsRawToken"
"","14","Should return 400 when no file is provided","","2026-06-01","passed","2026-06-01","","Profile Controller Tests","com.luxus.tinterest.controller.ProfileControllerTests","testUploadAvatarNoFile"
"","3","Should handle cities and interests with special characters","","2026-06-01","passed","2026-06-01","","Edge Cases and Boundary Tests","com.luxus.tinterest.service.AdminStatisticsServiceTest$EdgeCaseTests","shouldHandleSpecialCharacters"
"","15","Should return 400 when adding interest without name","","2026-06-01","passed","2026-06-01","","Admin Controller Tests","com.luxus.tinterest.controller.AdminControllerTests","testAddInterestWithoutName"
"","24","Should successfully update user interests","","2026-06-01","passed","2026-06-01","","Profile Controller Tests","com.luxus.tinterest.controller.ProfileControllerTests","testUpdateInterestsSuccess"
"","3","Should throw when group chat member is not found","","2026-06-01","passed","2026-06-01","","ChatService Unit Tests","com.luxus.tinterest.service.ChatServiceTests","testCreateGroupChatThrowsWhenMemberMissing"
"","16","Should return 400 when reaction is invalid","","2026-06-01","passed","2026-06-01","","Recommendation Controller Tests","com.luxus.tinterest.controller.RecommendationControllerTests","testSwipeInvalidReactionType"
"","2","Should throw when user id is missing","","2026-06-01","passed","2026-06-01","","UserService Unit Tests","com.luxus.tinterest.service.UserServiceTests","testFindByIdThrowsWhenMissing"
"","25","Should reject invalid login credentials","","2026-06-01","passed","2026-06-01","","com.luxus.tinterest.integration.AuthSecurityIntegrationTests","com.luxus.tinterest.integration.AuthSecurityIntegrationTests","shouldRejectInvalidLogin"
"","232","Should verify email code through emailVerificationService","","2026-06-01","passed","2026-06-01","","AuthService Unit Tests","com.luxus.tinterest.service.AuthServiceTests","testVerifyEmailCode"
"","1","Should throw InterestNotFoundException when deleting non-existent interest","","2026-06-01","passed","2026-06-01","","InterestService Unit Tests","com.luxus.tinterest.service.InterestServiceTests","testDeleteInterestThrowsInterestNotFoundException"
